{
  "2": {
    "test_f1": 0.800000011920929,
    "test_acc": 0.8958333134651184,
    "test_rec": 1.0,
    "test_prc": 0.6666666865348816,
    "test_bacc": 0.9342105388641357,
    "test_pr_auc": 0.7980122566223145,
    "test_auroc": 0.9736841917037964,
    "time": 146.4234733581543
  },
  "total": {
    "test_f1": 0.8798992028401256,
    "test_acc": 0.9836682454932006,
    "test_rec": 0.8924125459880652,
    "test_prc": 0.9143101310957112,
    "test_bacc": 0.9516010818019137,
    "test_pr_auc": 0.9997858829248363,
    "test_auroc": 1.0458998287158663,
    "time": 132.75661835979847
  },
  "3": {
    "test_f1": 0.5882353186607361,
    "test_acc": 0.8541666865348816,
    "test_rec": 0.4545454680919647,
    "test_prc": 0.8333333134651184,
    "test_bacc": 0.7137592434883118,
    "test_pr_auc": 0.6559683680534363,
    "test_auroc": 0.8648648858070374,
    "time": 107.61463403701782
  },
  "4": {
    "test_f1": 0.8999999761581421,
    "test_acc": 0.9591836929321289,
    "test_rec": 0.8181818127632141,
    "test_prc": 1.0,
    "test_bacc": 0.9090909361839294,
    "test_pr_auc": 1.0,
    "test_auroc": 1.0,
    "time": 71.02674293518066
  },
  "5": {
    "test_f1": 1.0,
    "test_acc": 1.0,
    "test_rec": 1.0,
    "test_prc": 1.0,
    "test_bacc": 1.0,
    "test_pr_auc": 1.0,
    "test_auroc": 1.0,
    "time": 150.53369069099426
  },
  "6": {
    "test_f1": 1.0,
    "test_acc": 1.0,
    "test_rec": 1.0,
    "test_prc": 1.0,
    "test_bacc": 1.0,
    "test_pr_auc": 1.0,
    "test_auroc": 1.0,
    "time": 143.42041659355164
  },
  "7": {
    "test_f1": 0.8695651888847351,
    "test_acc": 0.9387755393981934,
    "test_rec": 1.0,
    "test_prc": 0.7692307829856873,
    "test_bacc": 0.9615384340286255,
    "test_pr_auc": 0.9909090995788574,
    "test_auroc": 0.9974358677864075,
    "time": 153.2083878517151
  },
  "8": {
    "test_f1": 0.9523809552192688,
    "test_acc": 0.9800000190734863,
    "test_rec": 0.9090909361839294,
    "test_prc": 1.0,
    "test_bacc": 0.9545454382896423,
    "test_pr_auc": 0.9924242496490479,
    "test_auroc": 0.997668981552124,
    "time": 138.1457371711731
  },
  "9": {
    "test_f1": 0.75,
    "test_acc": 0.918367326259613,
    "test_rec": 0.6000000238418579,
    "test_prc": 1.0,
    "test_bacc": 0.800000011920929,
    "test_pr_auc": 0.9566666483879089,
    "test_auroc": 0.9846153855323792,
    "time": 149.34875178337097
  },
  "10": {
    "test_f1": 0.9599999785423279,
    "test_acc": 0.9803921580314636,
    "test_rec": 0.9230769276618958,
    "test_prc": 1.0,
    "test_bacc": 0.9615384340286255,
    "test_pr_auc": 0.9786324501037598,
    "test_auroc": 0.9898785352706909,
    "time": 128.40859007835388
  },
  "11": {
    "test_f1": 0.5,
    "test_acc": 0.800000011920929,
    "test_rec": 0.4545454680919647,
    "test_prc": 0.5555555820465088,
    "test_bacc": 0.6759907007217407,
    "test_pr_auc": 0.7259407043457031,
    "test_auroc": 0.881118893623352,
    "time": 124.55550622940063
  },
  "13": {
    "test_f1": 0.7692307829856873,
    "test_acc": 0.8799999952316284,
    "test_rec": 0.9090909361839294,
    "test_prc": 0.6666666865348816,
    "test_bacc": 0.8904429078102112,
    "test_pr_auc": 0.9715909361839294,
    "test_auroc": 0.9883449673652649,
    "time": 152.08855319023132
  },
  "14": {
    "test_f1": 0.6285714507102966,
    "test_acc": 0.7400000095367432,
    "test_rec": 1.0,
    "test_prc": 0.4583333432674408,
    "test_bacc": 0.8333333134651184,
    "test_pr_auc": 1.0,
    "test_auroc": 1.0,
    "time": 86.10434603691101
  },
  "15": {
    "test_f1": 0.800000011920929,
    "test_acc": 0.9200000166893005,
    "test_rec": 0.6666666865348816,
    "test_prc": 1.0,
    "test_bacc": 0.8333333134651184,
    "test_pr_auc": 1.0,
    "test_auroc": 1.0,
    "time": 123.94040250778198
  },
  "16": {
    "test_f1": 0.9523809552192688,
    "test_acc": 0.9800000190734863,
    "test_rec": 0.9090909361839294,
    "test_prc": 1.0,
    "test_bacc": 0.9545454382896423,
    "test_pr_auc": 1.0,
    "test_auroc": 1.0,
    "time": 88.67913603782654
  },
  "17": {
    "test_f1": 0.8461538553237915,
    "test_acc": 0.9200000166893005,
    "test_rec": 0.8461538553237915,
    "test_prc": 0.8461538553237915,
    "test_bacc": 0.8960499167442322,
    "test_pr_auc": 0.9212121367454529,
    "test_auroc": 0.9584199786186218,
    "time": 91.9072699546814
  }
}