{
  "2": {
    "test_acc": 0.7755101919174194,
    "test_cohen": -0.038535647094249725,
    "test_f1": 0.6952850222587585,
    "time": 34.583619594573975
  },
  "total": {
    "test_acc": 0.9285782578221713,
    "test_cohen": 0.6052855711265399,
    "test_f1": 0.9133992031283286,
    "time": 22.72493482962287
  },
  "3": {
    "test_acc": 0.8163265585899353,
    "test_cohen": 0.3708987236022949,
    "test_f1": 0.7949846386909485,
    "time": 16.47331142425537
  },
  "4": {
    "test_acc": 0.8999999761581421,
    "test_cohen": 0.6153846383094788,
    "test_f1": 0.886274516582489,
    "time": 16.31101417541504
  },
  "5": {
    "test_acc": 0.9607843160629272,
    "test_cohen": 0.8759124279022217,
    "test_f1": 0.959301769733429,
    "time": 12.920507669448853
  },
  "6": {
    "test_acc": 0.8999999761581421,
    "test_cohen": 0.6518105864524841,
    "test_f1": 0.8883061408996582,
    "time": 27.519060850143433
  },
  "7": {
    "test_acc": 0.8199999928474426,
    "test_cohen": 0.3732590675354004,
    "test_f1": 0.7989510893821716,
    "time": 13.73292589187622
  },
  "8": {
    "test_acc": 0.8399999737739563,
    "test_cohen": 0.3690851628780365,
    "test_f1": 0.8017275929450989,
    "time": 13.444608449935913
  },
  "9": {
    "test_acc": 0.800000011920929,
    "test_cohen": 0.13494808971881866,
    "test_f1": 0.7280303239822388,
    "time": 14.356675863265991
  },
  "10": {
    "test_acc": 0.9615384340286255,
    "test_cohen": 0.8976377844810486,
    "test_f1": 0.9625246524810791,
    "time": 22.741048574447632
  },
  "11": {
    "test_acc": 0.9019607901573181,
    "test_cohen": 0.7512195110321045,
    "test_f1": 0.9077705144882202,
    "time": 14.99973440170288
  },
  "13": {
    "test_acc": 0.9607843160629272,
    "test_cohen": 0.8759124279022217,
    "test_f1": 0.959301769733429,
    "time": 14.995535612106323
  },
  "14": {
    "test_acc": 0.7058823704719543,
    "test_cohen": 0.4182509481906891,
    "test_f1": 0.7315641641616821,
    "time": 19.14724850654602
  },
  "15": {
    "test_acc": 0.9607843160629272,
    "test_cohen": 0.8759124279022217,
    "test_f1": 0.959301769733429,
    "time": 32.4003963470459
  },
  "16": {
    "test_acc": 0.9803921580314636,
    "test_cohen": 0.9400705099105835,
    "test_f1": 0.9800463318824768,
    "time": 32.19777536392212
  },
  "17": {
    "test_acc": 0.699999988079071,
    "test_cohen": 0.34554973244667053,
    "test_f1": 0.7207598090171814,
    "time": 33.13047695159912
  }
}