{
  "2": {
    "test_acc": 0.918367326259613,
    "test_cohen": 0.7285318374633789,
    "test_f1": 0.9148526191711426,
    "time": 34.328882932662964
  },
  "total": {
    "test_acc": 0.9121492180134108,
    "test_cohen": 0.6223041355260894,
    "test_f1": 0.9035078897345495,
    "time": 22.574053463242226
  },
  "3": {
    "test_acc": 0.7755101919174194,
    "test_cohen": 0.16692426800727844,
    "test_f1": 0.732595682144165,
    "time": 16.119400024414062
  },
  "4": {
    "test_acc": 0.9599999785423279,
    "test_cohen": 0.8648648858070374,
    "test_f1": 0.9582656025886536,
    "time": 15.951061010360718
  },
  "5": {
    "test_acc": 0.9803921580314636,
    "test_cohen": 0.9400705099105835,
    "test_f1": 0.9800463318824768,
    "time": 18.197014570236206
  },
  "6": {
    "test_acc": 0.8399999737739563,
    "test_cohen": 0.3690851628780365,
    "test_f1": 0.8017275929450989,
    "time": 13.770624160766602
  },
  "7": {
    "test_acc": 0.8399999737739563,
    "test_cohen": 0.46380695700645447,
    "test_f1": 0.8261246681213379,
    "time": 13.548633813858032
  },
  "8": {
    "test_acc": 0.8600000143051147,
    "test_cohen": 0.47129908204078674,
    "test_f1": 0.8330980539321899,
    "time": 14.495968103408813
  },
  "9": {
    "test_acc": 0.800000011920929,
    "test_cohen": 0.13494808971881866,
    "test_f1": 0.7280303239822388,
    "time": 13.718205213546753
  },
  "10": {
    "test_acc": 0.8653846383094788,
    "test_cohen": 0.6851211190223694,
    "test_f1": 0.8741289377212524,
    "time": 29.939199686050415
  },
  "11": {
    "test_acc": 0.7254902124404907,
    "test_cohen": 0.4447900354862213,
    "test_f1": 0.749752402305603,
    "time": 15.724490642547607
  },
  "13": {
    "test_acc": 0.9607843160629272,
    "test_cohen": 0.8840909004211426,
    "test_f1": 0.9607843160629272,
    "time": 14.694062948226929
  },
  "14": {
    "test_acc": 0.5686274766921997,
    "test_cohen": 0.260869562625885,
    "test_f1": 0.5946585536003113,
    "time": 16.57682180404663
  },
  "15": {
    "test_acc": 0.9607843160629272,
    "test_cohen": 0.8840909004211426,
    "test_f1": 0.9607843160629272,
    "time": 33.279741525650024
  },
  "16": {
    "test_acc": 1.0,
    "test_cohen": 1.0,
    "test_f1": 1.0,
    "time": 33.55406165122986
  },
  "17": {
    "test_acc": 0.699999988079071,
    "test_cohen": 0.4000000059604645,
    "test_f1": 0.7217503190040588,
    "time": 32.95008111000061
  }
}