{
  "2": {
    "test_acc": 0.75,
    "test_cohen": 0.25,
    "test_f1": 0.7315789461135864,
    "time": 53.22423529624939
  },
  "total": {
    "test_acc": 0.9291725918632118,
    "test_cohen": 0.6502081728752737,
    "test_f1": 0.9234481259583869,
    "time": 28.82026308303343
  },
  "3": {
    "test_acc": 0.692307710647583,
    "test_cohen": -0.1304347813129425,
    "test_f1": 0.6293706297874451,
    "time": 17.715010404586792
  },
  "4": {
    "test_acc": 0.9230769276618958,
    "test_cohen": 0.6285714507102966,
    "test_f1": 0.911928653717041,
    "time": 32.364337682724
  },
  "5": {
    "test_acc": 0.9230769276618958,
    "test_cohen": 0.6285714507102966,
    "test_f1": 0.911928653717041,
    "time": 32.535528898239136
  },
  "6": {
    "test_acc": 0.8461538553237915,
    "test_cohen": 0.6486486196517944,
    "test_f1": 0.8568376302719116,
    "time": 31.773754358291626
  },
  "7": {
    "test_acc": 0.8461538553237915,
    "test_cohen": 0.40909090638160706,
    "test_f1": 0.8461538553237915,
    "time": 13.531512260437012
  },
  "8": {
    "test_acc": 0.8461538553237915,
    "test_cohen": 0.5806451439857483,
    "test_f1": 0.8641025424003601,
    "time": 31.79612374305725
  },
  "9": {
    "test_acc": 0.9230769276618958,
    "test_cohen": 0.8059701323509216,
    "test_f1": 0.926547110080719,
    "time": 32.671635389328
  },
  "10": {
    "test_acc": 0.9230769276618958,
    "test_cohen": 0.7547169923782349,
    "test_f1": 0.9172161221504211,
    "time": 26.59377145767212
  },
  "11": {
    "test_acc": 0.7692307829856873,
    "test_cohen": 0.2641509473323822,
    "test_f1": 0.7516483664512634,
    "time": 27.896450996398926
  },
  "13": {
    "test_acc": 1.0,
    "test_cohen": 1.0,
    "test_f1": 1.0,
    "time": 19.631457090377808
  },
  "14": {
    "test_acc": 1.0,
    "test_cohen": 1.0,
    "test_f1": 1.0,
    "time": 19.03183102607727
  },
  "15": {
    "test_acc": 1.0,
    "test_cohen": 1.0,
    "test_f1": 1.0,
    "time": 21.61623764038086
  },
  "16": {
    "test_acc": 1.0,
    "test_cohen": 1.0,
    "test_f1": 1.0,
    "time": 23.276732444763184
  },
  "17": {
    "test_acc": 0.5384615659713745,
    "test_cohen": 0.23529411852359772,
    "test_f1": 0.5549450516700745,
    "time": 19.09120750427246
  }
}