{
  "2": {
    "test_acc": 0.75,
    "test_cohen": 0.0,
    "test_f1": 0.6428571343421936,
    "time": 80.2036120891571
  },
  "total": {
    "test_acc": 0.7788666292706495,
    "test_cohen": 0.04397628745893441,
    "test_f1": 0.7086859209534311,
    "time": 72.04367763736035
  },
  "3": {
    "test_acc": 0.5384615659713745,
    "test_cohen": -0.054054055362939835,
    "test_f1": 0.5705128312110901,
    "time": 68.25191235542297
  },
  "4": {
    "test_acc": 0.8461538553237915,
    "test_cohen": 0.0,
    "test_f1": 0.7756410241127014,
    "time": 66.14999508857727
  },
  "5": {
    "test_acc": 0.23076923191547394,
    "test_cohen": 0.02985074557363987,
    "test_f1": 0.18498168885707855,
    "time": 66.62521362304688
  },
  "6": {
    "test_acc": 0.7692307829856873,
    "test_cohen": 0.0,
    "test_f1": 0.6688963174819946,
    "time": 71.32314395904541
  },
  "7": {
    "test_acc": 0.5384615659713745,
    "test_cohen": 0.20408163964748383,
    "test_f1": 0.5903846025466919,
    "time": 64.2551679611206
  },
  "8": {
    "test_acc": 0.8461538553237915,
    "test_cohen": 0.0,
    "test_f1": 0.7756410241127014,
    "time": 66.48711204528809
  },
  "9": {
    "test_acc": 0.7692307829856873,
    "test_cohen": 0.0,
    "test_f1": 0.6688963174819946,
    "time": 64.44439721107483
  },
  "10": {
    "test_acc": 0.7692307829856873,
    "test_cohen": 0.0,
    "test_f1": 0.6688963174819946,
    "time": 65.72415280342102
  },
  "11": {
    "test_acc": 0.7692307829856873,
    "test_cohen": 0.0,
    "test_f1": 0.6688963174819946,
    "time": 64.17893648147583
  },
  "13": {
    "test_acc": 0.8461538553237915,
    "test_cohen": 0.0,
    "test_f1": 0.7756410241127014,
    "time": 64.95219302177429
  },
  "14": {
    "test_acc": 0.7692307829856873,
    "test_cohen": 0.0,
    "test_f1": 0.6688963174819946,
    "time": 67.09687662124634
  },
  "15": {
    "test_acc": 0.8461538553237915,
    "test_cohen": 0.0,
    "test_f1": 0.7756410241127014,
    "time": 67.99627232551575
  },
  "16": {
    "test_acc": 0.8461538553237915,
    "test_cohen": 0.43478259444236755,
    "test_f1": 0.8146852850914001,
    "time": 64.54609298706055
  },
  "17": {
    "test_acc": 0.7692307829856873,
    "test_cohen": 0.0,
    "test_f1": 0.6688963174819946,
    "time": 65.89032363891602
  }
}