{
  "2": {
    "test_acc": 0.75,
    "test_cohen": 0.0,
    "test_f1": 0.6428571343421936,
    "time": 45.510831356048584
  },
  "total": {
    "test_acc": 0.8676381161945279,
    "test_cohen": 0.4031098460689446,
    "test_f1": 0.8334027445741863,
    "time": 22.369733807339724
  },
  "3": {
    "test_acc": 0.7692307829856873,
    "test_cohen": 0.0,
    "test_f1": 0.6688963174819946,
    "time": 10.683934688568115
  },
  "4": {
    "test_acc": 1.0,
    "test_cohen": 1.0,
    "test_f1": 1.0,
    "time": 25.301689386367798
  },
  "5": {
    "test_acc": 1.0,
    "test_cohen": 1.0,
    "test_f1": 1.0,
    "time": 17.01230812072754
  },
  "6": {
    "test_acc": 0.8461538553237915,
    "test_cohen": 0.43478259444236755,
    "test_f1": 0.8146852850914001,
    "time": 25.23400616645813
  },
  "7": {
    "test_acc": 0.7692307829856873,
    "test_cohen": -0.11428571492433548,
    "test_f1": 0.735785961151123,
    "time": 26.55825161933899
  },
  "8": {
    "test_acc": 0.692307710647583,
    "test_cohen": 0.3499999940395355,
    "test_f1": 0.7350427508354187,
    "time": 27.357133150100708
  },
  "9": {
    "test_acc": 0.8461538553237915,
    "test_cohen": 0.5666666626930237,
    "test_f1": 0.8461538553237915,
    "time": 26.77030110359192
  },
  "10": {
    "test_acc": 0.7692307829856873,
    "test_cohen": 0.0,
    "test_f1": 0.6688963174819946,
    "time": 19.15148425102234
  },
  "11": {
    "test_acc": 0.7692307829856873,
    "test_cohen": 0.0,
    "test_f1": 0.6688963174819946,
    "time": 17.966598749160767
  },
  "13": {
    "test_acc": 1.0,
    "test_cohen": 1.0,
    "test_f1": 1.0,
    "time": 10.820790529251099
  },
  "14": {
    "test_acc": 0.4615384638309479,
    "test_cohen": 0.1651376187801361,
    "test_f1": 0.4615384638309479,
    "time": 11.819220304489136
  },
  "15": {
    "test_acc": 0.8461538553237915,
    "test_cohen": 0.5806451439857483,
    "test_f1": 0.8641025424003601,
    "time": 12.091062307357788
  },
  "16": {
    "test_acc": 0.9230769276618958,
    "test_cohen": 0.7547169923782349,
    "test_f1": 0.9172161221504211,
    "time": 19.780163049697876
  },
  "17": {
    "test_acc": 0.692307710647583,
    "test_cohen": -0.1304347813129425,
    "test_f1": 0.6293706297874451,
    "time": 16.690647840499878
  }
}