{
  "2": {
    "test_acc": 0.75,
    "test_cohen": 0.25,
    "test_f1": 0.7315789461135864,
    "time": 23.45584797859192
  },
  "total": {
    "test_acc": 0.9291725918632118,
    "test_cohen": 0.6502081728752737,
    "test_f1": 0.9234481259583869,
    "time": 27.24720741729091
  },
  "3": {
    "test_acc": 0.692307710647583,
    "test_cohen": -0.1304347813129425,
    "test_f1": 0.6293706297874451,
    "time": 18.123285055160522
  },
  "4": {
    "test_acc": 0.9230769276618958,
    "test_cohen": 0.6285714507102966,
    "test_f1": 0.911928653717041,
    "time": 31.491368293762207
  },
  "5": {
    "test_acc": 0.9230769276618958,
    "test_cohen": 0.6285714507102966,
    "test_f1": 0.911928653717041,
    "time": 32.23498511314392
  },
  "6": {
    "test_acc": 0.8461538553237915,
    "test_cohen": 0.6486486196517944,
    "test_f1": 0.8568376302719116,
    "time": 32.55035591125488
  },
  "7": {
    "test_acc": 0.8461538553237915,
    "test_cohen": 0.40909090638160706,
    "test_f1": 0.8461538553237915,
    "time": 13.775665760040283
  },
  "8": {
    "test_acc": 0.8461538553237915,
    "test_cohen": 0.5806451439857483,
    "test_f1": 0.8641025424003601,
    "time": 33.155332803726196
  },
  "9": {
    "test_acc": 0.9230769276618958,
    "test_cohen": 0.8059701323509216,
    "test_f1": 0.926547110080719,
    "time": 32.70769810676575
  },
  "10": {
    "test_acc": 0.9230769276618958,
    "test_cohen": 0.7547169923782349,
    "test_f1": 0.9172161221504211,
    "time": 27.704678297042847
  },
  "11": {
    "test_acc": 0.7692307829856873,
    "test_cohen": 0.2641509473323822,
    "test_f1": 0.7516483664512634,
    "time": 27.59578561782837
  },
  "13": {
    "test_acc": 1.0,
    "test_cohen": 1.0,
    "test_f1": 1.0,
    "time": 19.431579113006592
  },
  "14": {
    "test_acc": 1.0,
    "test_cohen": 1.0,
    "test_f1": 1.0,
    "time": 20.464334726333618
  },
  "15": {
    "test_acc": 1.0,
    "test_cohen": 1.0,
    "test_f1": 1.0,
    "time": 24.48757791519165
  },
  "16": {
    "test_acc": 1.0,
    "test_cohen": 1.0,
    "test_f1": 1.0,
    "time": 23.276625394821167
  },
  "17": {
    "test_acc": 0.5384615659713745,
    "test_cohen": 0.23529411852359772,
    "test_f1": 0.5549450516700745,
    "time": 20.49696707725525
  }
}