{
  "2": {
    "test_acc": 0.9166666865348816,
    "test_cohen": 0.800000011920929,
    "test_f1": 0.9201680421829224,
    "time": 35.131595849990845
  },
  "total": {
    "test_acc": 0.8850995771642202,
    "test_cohen": 0.4464647278598528,
    "test_f1": 0.8404688380771846,
    "time": 11.63563124482126
  },
  "3": {
    "test_acc": 0.7692307829856873,
    "test_cohen": 0.2641509473323822,
    "test_f1": 0.7516483664512634,
    "time": 8.12519907951355
  },
  "4": {
    "test_acc": 0.8461538553237915,
    "test_cohen": 0.0,
    "test_f1": 0.7756410241127014,
    "time": 18.196102142333984
  },
  "5": {
    "test_acc": 0.8461538553237915,
    "test_cohen": 0.0,
    "test_f1": 0.7756410241127014,
    "time": 5.903892278671265
  },
  "6": {
    "test_acc": 0.8461538553237915,
    "test_cohen": 0.43478259444236755,
    "test_f1": 0.8146852850914001,
    "time": 8.568511009216309
  },
  "7": {
    "test_acc": 0.8461538553237915,
    "test_cohen": 0.40909090638160706,
    "test_f1": 0.8461538553237915,
    "time": 8.488791942596436
  },
  "8": {
    "test_acc": 1.0,
    "test_cohen": 1.0,
    "test_f1": 1.0,
    "time": 7.563539981842041
  },
  "9": {
    "test_acc": 0.8461538553237915,
    "test_cohen": 0.43478259444236755,
    "test_f1": 0.8146852850914001,
    "time": 7.615095376968384
  },
  "10": {
    "test_acc": 0.7692307829856873,
    "test_cohen": 0.0,
    "test_f1": 0.6688963174819946,
    "time": 6.372162818908691
  },
  "11": {
    "test_acc": 0.7692307829856873,
    "test_cohen": 0.0,
    "test_f1": 0.6688963174819946,
    "time": 6.4233691692352295
  },
  "13": {
    "test_acc": 1.0,
    "test_cohen": 1.0,
    "test_f1": 1.0,
    "time": 7.096248626708984
  },
  "14": {
    "test_acc": 0.23076923191547394,
    "test_cohen": 0.0,
    "test_f1": 0.08653846383094788,
    "time": 6.897309303283691
  },
  "15": {
    "test_acc": 1.0,
    "test_cohen": 1.0,
    "test_f1": 1.0,
    "time": 7.740905046463013
  },
  "16": {
    "test_acc": 1.0,
    "test_cohen": 1.0,
    "test_f1": 1.0,
    "time": 21.48482871055603
  },
  "17": {
    "test_acc": 0.692307710647583,
    "test_cohen": -0.1304347813129425,
    "test_f1": 0.6293706297874451,
    "time": 7.011790037155151
  }
}