{
  "2": {
    "test_acc": 0.800000011920929,
    "test_bacc": 0.625,
    "test_pr_auc": 0.8055555820465088,
    "test_auroc": 0.9444444179534912,
    "time": 447.6844127178192
  },
  "3": {
    "test_acc": 0.800000011920929,
    "test_bacc": 0.625,
    "test_pr_auc": 0.7222222089767456,
    "test_auroc": 0.8888888955116272,
    "time": 549.6193385124207
  },
  "4": {
    "test_acc": 0.9333333373069763,
    "test_bacc": 0.8333333134651184,
    "test_pr_auc": 1.0,
    "test_auroc": 1.0,
    "time": 469.4101519584656
  },
  "5": {
    "test_acc": 1.0,
    "test_bacc": 1.0,
    "test_pr_auc": 1.0,
    "test_auroc": 1.0,
    "time": 516.6659693717957
  },
  "6": {
    "test_acc": 0.6000000238418579,
    "test_bacc": 0.75,
    "test_pr_auc": 1.0,
    "test_auroc": 1.0,
    "time": 450.79560232162476
  },
  "7": {
    "test_acc": 0.9333333373069763,
    "test_bacc": 0.9583333134651184,
    "test_pr_auc": 1.0,
    "test_auroc": 1.0,
    "time": 615.214555978775
  },
  "8": {
    "test_acc": 1.0,
    "test_bacc": 1.0,
    "test_pr_auc": 1.0,
    "test_auroc": 1.0,
    "time": 1710.0581784248352
  },
  "9": {
    "test_acc": 1.0,
    "test_bacc": 1.0,
    "test_pr_auc": 1.0,
    "test_auroc": 1.0,
    "time": 3717.6824193000793
  },
  "10": {
    "test_acc": 0.800000011920929,
    "test_bacc": 0.5,
    "test_pr_auc": 1.0,
    "test_auroc": 1.0,
    "time": 431.18932342529297
  },
  "11": {
    "test_acc": 0.6666666865348816,
    "test_bacc": 0.6666666865348816,
    "test_pr_auc": 0.38333332538604736,
    "test_auroc": 0.6388888955116272,
    "time": 623.8438837528229
  },
  "13": {
    "test_acc": 0.6666666865348816,
    "test_bacc": 0.7916666865348816,
    "test_pr_auc": 0.8666666746139526,
    "test_auroc": 0.9444444179534912,
    "time": 1203.7470963001251
  },
  "14": {
    "test_acc": 0.3333333432674408,
    "test_bacc": 0.5833333134651184,
    "test_pr_auc": 0.8333333134651184,
    "test_auroc": 0.9166666865348816,
    "time": 514.1090850830078
  },
  "15": {
    "test_acc": 0.9333333373069763,
    "test_bacc": 0.9583333134651184,
    "test_pr_auc": 1.0,
    "test_auroc": 1.0,
    "time": 692.9815165996552
  },
  "16": {
    "test_acc": 0.800000011920929,
    "test_bacc": 0.5,
    "test_pr_auc": 1.0,
    "test_auroc": 1.0,
    "time": 415.369952917099
  },
  "17": {
    "test_acc": 0.6000000238418579,
    "test_bacc": 0.40909090638160706,
    "test_pr_auc": 0.27146464586257935,
    "test_auroc": 0.4318181872367859,
    "time": 1281.0807144641876
  }
}